<?xml version="1.0" encoding="utf-8" standalone="yes" ?>
<rss version="2.0" xmlns:atom="http://www.w3.org/2005/Atom">
  <channel>
    <title>Posts on MMUC</title>
    <link>http://mmucanada.org/mmucan/public/post/</link>
    <description>Recent content in Posts on MMUC</description>
    <generator>Hugo -- gohugo.io</generator>
    <language>en-us</language>
    <lastBuildDate>Wed, 03 Feb 2016 12:27:46 +0200</lastBuildDate>
    <atom:link href="http://mmucanada.org/mmucan/public/post/index.xml" rel="self" type="application/rss+xml" />
    
    <item>
      <title>Canadian mission statement</title>
      <link>http://mmucanada.org/mmucan/public/post/mynew2/</link>
      <pubDate>Wed, 03 Feb 2016 12:27:46 +0200</pubDate>
      
      <guid>http://mmucanada.org/mmucan/public/post/mynew2/</guid>
      <description>&lt;p&gt;Music Mission Ukraine Canada (MMUC) exists to proclaim the gospel of Jesus Christ and to provide humanitarian assistance to the needy, including internally displaced people, widows and orphans in Ukraine.  Through Bibles, great sacred classical musical masterpieces that come from scripture, Bible studies and camps, educational programs, Biblical preaching, teaching and discipleship, MMUC is spreading the gospel of Jesus Christ.  Through Ukrainian musicians in the Kyiv Symphony Orchestra and Chorus (KSOC) the gospel is shared through friendship-evangelism concerts in Ukraine and sacred concerts in Canada.   Through MMUC, needy Ukrainians receive humanitarian assistance in the form of food, clothing, blankets, medicine, eye care, shelter and other essential living supplies.&lt;/p&gt;
</description>
    </item>
    
    <item>
      <title>Canadian tour schedule!</title>
      <link>http://mmucanada.org/mmucan/public/post/mynew/</link>
      <pubDate>Wed, 03 Feb 2016 12:27:46 +0200</pubDate>
      
      <guid>http://mmucanada.org/mmucan/public/post/mynew/</guid>
      <description>&lt;p&gt;In Autumn 2016 the KSOC will be coming to canada &amp;hellip;In Autumn 2016 the KSOC will be coming to canada &amp;hellip;In Autumn 2016 the KSOC will be coming to canada &amp;hellip;In Autumn 2016 the KSOC will be coming to canada &amp;hellip;In Autumn 2016 the KSOC will be coming to canada &amp;hellip; In Autumn 2016 the KSOC will be coming to canada &amp;hellip;In Autumn 2016 the KSOC will be coming to canada &amp;hellip;In Autumn 2016 the KSOC will be coming to canada &amp;hellip;In Autumn 2016 the KSOC will be coming to canada &amp;hellip;In Autumn 2016 the KSOC will be coming to canada &amp;hellip;
In Autumn 2016 the KSOC will be coming to canada &amp;hellip;In Autumn 2016 the KSOC will be coming to canada &amp;hellip;In Autumn 2016 the KSOC will be coming to canada &amp;hellip;In Autumn 2016 the KSOC will be coming to canada &amp;hellip;In Autumn 2016 the KSOC will be coming to canada &amp;hellip;  Autumn 2016 the KSOC will be coming to canada &amp;hellip;In Autumn 2016 the KSOC will be coming to canada &amp;hellip;In Autumn 2016 the KSOC will be coming to canada &amp;hellip;In Autumn 2016 the KSOC will be coming to canada &amp;hellip;In Autumn 2016 the KSOC will be coming to canada &amp;hellip; utumn 2016 the KSOC will be coming to canada &amp;hellip;In Autumn 2016 the KSOC will be coming to canada &amp;hellip;In Autumn 2016 the KSOC will be coming to canada &amp;hellip;In Autumn 2016 the KSOC will be coming to canada &amp;hellip;In Autumn 2016 the KSOC will be coming to canada &amp;hellip;&lt;/p&gt;
</description>
    </item>
    
    <item>
      <title>Concert in Liviv!</title>
      <link>http://mmucanada.org/mmucan/public/post/mynew%20copy/</link>
      <pubDate>Wed, 03 Feb 2016 12:27:46 +0200</pubDate>
      
      <guid>http://mmucanada.org/mmucan/public/post/mynew%20copy/</guid>
      <description>&lt;p&gt;In Autumn 2016 the KSOC will be coming to canada &amp;hellip;In Autumn 2016 the KSOC will be coming to canada &amp;hellip;In Autumn 2016 the KSOC will be coming to canada &amp;hellip;In Autumn 2016 the KSOC will be coming to canada &amp;hellip;In Autumn 2016 the KSOC will be coming to canada &amp;hellip; In Autumn 2016 the KSOC will be coming to canada &amp;hellip;In Autumn 2016 the KSOC will be coming to canada &amp;hellip;In Autumn 2016 the KSOC will be coming to canada &amp;hellip;In Autumn 2016 the KSOC will be coming to canada &amp;hellip;In Autumn 2016 the KSOC will be coming to canada &amp;hellip;
In Autumn 2016 the KSOC will be coming to canada &amp;hellip;In Autumn 2016 the KSOC will be coming to canada &amp;hellip;In Autumn 2016 the KSOC will be coming to canada &amp;hellip;In Autumn 2016 the KSOC will be coming to canada &amp;hellip;In Autumn 2016 the KSOC will be coming to canada &amp;hellip;  Autumn 2016 the KSOC will be coming to canada &amp;hellip;In Autumn 2016 the KSOC will be coming to canada &amp;hellip;In Autumn 2016 the KSOC will be coming to canada &amp;hellip;In Autumn 2016 the KSOC will be coming to canada &amp;hellip;In Autumn 2016 the KSOC will be coming to canada &amp;hellip; utumn 2016 the KSOC will be coming to canada &amp;hellip;In Autumn 2016 the KSOC will be coming to canada &amp;hellip;In Autumn 2016 the KSOC will be coming to canada &amp;hellip;In Autumn 2016 the KSOC will be coming to canada &amp;hellip;In Autumn 2016 the KSOC will be coming to canada &amp;hellip;&lt;/p&gt;
</description>
    </item>
    
    <item>
      <title>Information about ukraine!</title>
      <link>http://mmucanada.org/mmucan/public/post/mynew%20copy%202/</link>
      <pubDate>Wed, 03 Feb 2016 12:27:46 +0200</pubDate>
      
      <guid>http://mmucanada.org/mmucan/public/post/mynew%20copy%202/</guid>
      <description>&lt;p&gt;In Autumn 2016 the KSOC will be coming to canada &amp;hellip;In Autumn 2016 the KSOC will be coming to canada &amp;hellip;In Autumn 2016 the KSOC will be coming to canada &amp;hellip;In Autumn 2016 the KSOC will be coming to canada &amp;hellip;In Autumn 2016 the KSOC will be coming to canada &amp;hellip; In Autumn 2016 the KSOC will be coming to canada &amp;hellip;In Autumn 2016 the KSOC will be coming to canada &amp;hellip;In Autumn 2016 the KSOC will be coming to canada &amp;hellip;In Autumn 2016 the KSOC will be coming to canada &amp;hellip;In Autumn 2016 the KSOC will be coming to canada &amp;hellip;
In Autumn 2016 the KSOC will be coming to canada &amp;hellip;In Autumn 2016 the KSOC will be coming to canada &amp;hellip;In Autumn 2016 the KSOC will be coming to canada &amp;hellip;In Autumn 2016 the KSOC will be coming to canada &amp;hellip;In Autumn 2016 the KSOC will be coming to canada &amp;hellip;  Autumn 2016 the KSOC will be coming to canada &amp;hellip;In Autumn 2016 the KSOC will be coming to canada &amp;hellip;In Autumn 2016 the KSOC will be coming to canada &amp;hellip;In Autumn 2016 the KSOC will be coming to canada &amp;hellip;In Autumn 2016 the KSOC will be coming to canada &amp;hellip; utumn 2016 the KSOC will be coming to canada &amp;hellip;In Autumn 2016 the KSOC will be coming to canada &amp;hellip;In Autumn 2016 the KSOC will be coming to canada &amp;hellip;In Autumn 2016 the KSOC will be coming to canada &amp;hellip;In Autumn 2016 the KSOC will be coming to canada &amp;hellip;&lt;/p&gt;
</description>
    </item>
    
    <item>
      <title>That first day</title>
      <link>http://mmucanada.org/mmucan/public/post/mynew%20copy%205/</link>
      <pubDate>Tue, 26 Jan 2016 12:27:46 +0200</pubDate>
      
      <guid>http://mmucanada.org/mmucan/public/post/mynew%20copy%205/</guid>
      <description>&lt;p&gt;In Autumn 2016 the KSOC will be coming to canada &amp;hellip;In Autumn 2016 the KSOC will be coming to canada &amp;hellip;In Autumn 2016 the KSOC will be coming to canada &amp;hellip;In Autumn 2016 the KSOC will be coming to canada &amp;hellip;In Autumn 2016 the KSOC will be coming to canada &amp;hellip; In Autumn 2016 the KSOC will be coming to canada &amp;hellip;In Autumn 2016 the KSOC will be coming to canada &amp;hellip;In Autumn 2016 the KSOC will be coming to canada &amp;hellip;In Autumn 2016 the KSOC will be coming to canada &amp;hellip;In Autumn 2016 the KSOC will be coming to canada &amp;hellip;
In Autumn 2016 the KSOC will be coming to canada &amp;hellip;In Autumn 2016 the KSOC will be coming to canada &amp;hellip;In Autumn 2016 the KSOC will be coming to canada &amp;hellip;In Autumn 2016 the KSOC will be coming to canada &amp;hellip;In Autumn 2016 the KSOC will be coming to canada &amp;hellip;  Autumn 2016 the KSOC will be coming to canada &amp;hellip;In Autumn 2016 the KSOC will be coming to canada &amp;hellip;In Autumn 2016 the KSOC will be coming to canada &amp;hellip;In Autumn 2016 the KSOC will be coming to canada &amp;hellip;In Autumn 2016 the KSOC will be coming to canada &amp;hellip; utumn 2016 the KSOC will be coming to canada &amp;hellip;In Autumn 2016 the KSOC will be coming to canada &amp;hellip;In Autumn 2016 the KSOC will be coming to canada &amp;hellip;In Autumn 2016 the KSOC will be coming to canada &amp;hellip;In Autumn 2016 the KSOC will be coming to canada &amp;hellip;&lt;/p&gt;
</description>
    </item>
    
    <item>
      <title>IDP mission work</title>
      <link>http://mmucanada.org/mmucan/public/post/mynew%20copy%203/</link>
      <pubDate>Mon, 25 Jan 2016 12:27:46 +0200</pubDate>
      
      <guid>http://mmucanada.org/mmucan/public/post/mynew%20copy%203/</guid>
      <description>&lt;p&gt;In Autumn 2016 the KSOC will be coming to canada &amp;hellip;In Autumn 2016 the KSOC will be coming to canada &amp;hellip;In Autumn 2016 the KSOC will be coming to canada &amp;hellip;In Autumn 2016 the KSOC will be coming to canada &amp;hellip;In Autumn 2016 the KSOC will be coming to canada &amp;hellip; In Autumn 2016 the KSOC will be coming to canada &amp;hellip;In Autumn 2016 the KSOC will be coming to canada &amp;hellip;In Autumn 2016 the KSOC will be coming to canada &amp;hellip;In Autumn 2016 the KSOC will be coming to canada &amp;hellip;In Autumn 2016 the KSOC will be coming to canada &amp;hellip;
In Autumn 2016 the KSOC will be coming to canada &amp;hellip;In Autumn 2016 the KSOC will be coming to canada &amp;hellip;In Autumn 2016 the KSOC will be coming to canada &amp;hellip;In Autumn 2016 the KSOC will be coming to canada &amp;hellip;In Autumn 2016 the KSOC will be coming to canada &amp;hellip;  Autumn 2016 the KSOC will be coming to canada &amp;hellip;In Autumn 2016 the KSOC will be coming to canada &amp;hellip;In Autumn 2016 the KSOC will be coming to canada &amp;hellip;In Autumn 2016 the KSOC will be coming to canada &amp;hellip;In Autumn 2016 the KSOC will be coming to canada &amp;hellip; utumn 2016 the KSOC will be coming to canada &amp;hellip;In Autumn 2016 the KSOC will be coming to canada &amp;hellip;In Autumn 2016 the KSOC will be coming to canada &amp;hellip;In Autumn 2016 the KSOC will be coming to canada &amp;hellip;In Autumn 2016 the KSOC will be coming to canada &amp;hellip;&lt;/p&gt;
</description>
    </item>
    
    <item>
      <title>Eastern Ukraine</title>
      <link>http://mmucanada.org/mmucan/public/post/mynew%20copy%207/</link>
      <pubDate>Fri, 22 Jan 2016 12:27:46 +0200</pubDate>
      
      <guid>http://mmucanada.org/mmucan/public/post/mynew%20copy%207/</guid>
      <description>&lt;p&gt;In Autumn 2016 the KSOC will be coming to canada &amp;hellip;In Autumn 2016 the KSOC will be coming to canada &amp;hellip;In Autumn 2016 the KSOC will be coming to canada &amp;hellip;In Autumn 2016 the KSOC will be coming to canada &amp;hellip;In Autumn 2016 the KSOC will be coming to canada &amp;hellip; In Autumn 2016 the KSOC will be coming to canada &amp;hellip;In Autumn 2016 the KSOC will be coming to canada &amp;hellip;In Autumn 2016 the KSOC will be coming to canada &amp;hellip;In Autumn 2016 the KSOC will be coming to canada &amp;hellip;In Autumn 2016 the KSOC will be coming to canada &amp;hellip;
In Autumn 2016 the KSOC will be coming to canada &amp;hellip;In Autumn 2016 the KSOC will be coming to canada &amp;hellip;In Autumn 2016 the KSOC will be coming to canada &amp;hellip;In Autumn 2016 the KSOC will be coming to canada &amp;hellip;In Autumn 2016 the KSOC will be coming to canada &amp;hellip;  Autumn 2016 the KSOC will be coming to canada &amp;hellip;In Autumn 2016 the KSOC will be coming to canada &amp;hellip;In Autumn 2016 the KSOC will be coming to canada &amp;hellip;In Autumn 2016 the KSOC will be coming to canada &amp;hellip;In Autumn 2016 the KSOC will be coming to canada &amp;hellip; utumn 2016 the KSOC will be coming to canada &amp;hellip;In Autumn 2016 the KSOC will be coming to canada &amp;hellip;In Autumn 2016 the KSOC will be coming to canada &amp;hellip;In Autumn 2016 the KSOC will be coming to canada &amp;hellip;In Autumn 2016 the KSOC will be coming to canada &amp;hellip;&lt;/p&gt;
</description>
    </item>
    
    <item>
      <title>Some more Blog posts!</title>
      <link>http://mmucanada.org/mmucan/public/post/mynew%20copy%206/</link>
      <pubDate>Tue, 12 Jan 2016 12:27:46 +0200</pubDate>
      
      <guid>http://mmucanada.org/mmucan/public/post/mynew%20copy%206/</guid>
      <description>&lt;p&gt;In Autumn 2016 the KSOC will be coming to canada &amp;hellip;In Autumn 2016 the KSOC will be coming to canada &amp;hellip;In Autumn 2016 the KSOC will be coming to canada &amp;hellip;In Autumn 2016 the KSOC will be coming to canada &amp;hellip;In Autumn 2016 the KSOC will be coming to canada &amp;hellip; In Autumn 2016 the KSOC will be coming to canada &amp;hellip;In Autumn 2016 the KSOC will be coming to canada &amp;hellip;In Autumn 2016 the KSOC will be coming to canada &amp;hellip;In Autumn 2016 the KSOC will be coming to canada &amp;hellip;In Autumn 2016 the KSOC will be coming to canada &amp;hellip;
In Autumn 2016 the KSOC will be coming to canada &amp;hellip;In Autumn 2016 the KSOC will be coming to canada &amp;hellip;In Autumn 2016 the KSOC will be coming to canada &amp;hellip;In Autumn 2016 the KSOC will be coming to canada &amp;hellip;In Autumn 2016 the KSOC will be coming to canada &amp;hellip;  Autumn 2016 the KSOC will be coming to canada &amp;hellip;In Autumn 2016 the KSOC will be coming to canada &amp;hellip;In Autumn 2016 the KSOC will be coming to canada &amp;hellip;In Autumn 2016 the KSOC will be coming to canada &amp;hellip;In Autumn 2016 the KSOC will be coming to canada &amp;hellip; utumn 2016 the KSOC will be coming to canada &amp;hellip;In Autumn 2016 the KSOC will be coming to canada &amp;hellip;In Autumn 2016 the KSOC will be coming to canada &amp;hellip;In Autumn 2016 the KSOC will be coming to canada &amp;hellip;In Autumn 2016 the KSOC will be coming to canada &amp;hellip;&lt;/p&gt;
</description>
    </item>
    
    <item>
      <title>Another Blog post!</title>
      <link>http://mmucanada.org/mmucan/public/post/mynew%20copy%204/</link>
      <pubDate>Sun, 03 Jan 2016 12:27:46 +0200</pubDate>
      
      <guid>http://mmucanada.org/mmucan/public/post/mynew%20copy%204/</guid>
      <description>&lt;p&gt;In Autumn 2016 the KSOC will be coming to canada &amp;hellip;In Autumn 2016 the KSOC will be coming to canada &amp;hellip;In Autumn 2016 the KSOC will be coming to canada &amp;hellip;In Autumn 2016 the KSOC will be coming to canada &amp;hellip;In Autumn 2016 the KSOC will be coming to canada &amp;hellip; In Autumn 2016 the KSOC will be coming to canada &amp;hellip;In Autumn 2016 the KSOC will be coming to canada &amp;hellip;In Autumn 2016 the KSOC will be coming to canada &amp;hellip;In Autumn 2016 the KSOC will be coming to canada &amp;hellip;In Autumn 2016 the KSOC will be coming to canada &amp;hellip;
In Autumn 2016 the KSOC will be coming to canada &amp;hellip;In Autumn 2016 the KSOC will be coming to canada &amp;hellip;In Autumn 2016 the KSOC will be coming to canada &amp;hellip;In Autumn 2016 the KSOC will be coming to canada &amp;hellip;In Autumn 2016 the KSOC will be coming to canada &amp;hellip;  Autumn 2016 the KSOC will be coming to canada &amp;hellip;In Autumn 2016 the KSOC will be coming to canada &amp;hellip;In Autumn 2016 the KSOC will be coming to canada &amp;hellip;In Autumn 2016 the KSOC will be coming to canada &amp;hellip;In Autumn 2016 the KSOC will be coming to canada &amp;hellip; utumn 2016 the KSOC will be coming to canada &amp;hellip;In Autumn 2016 the KSOC will be coming to canada &amp;hellip;In Autumn 2016 the KSOC will be coming to canada &amp;hellip;In Autumn 2016 the KSOC will be coming to canada &amp;hellip;In Autumn 2016 the KSOC will be coming to canada &amp;hellip;&lt;/p&gt;
</description>
    </item>
    
  </channel>
</rss>